timestamp,temp,pressure,fuel,speed,engine,brake
2026-04-04T17:00:00Z,25.0,8.16,1000.0,0.0,100.0,100.0
2026-04-04T17:00:02Z,24.9,8.19,999.9,0.0,100.0,100.0
2026-04-04T17:00:04Z,25.0,8.19,999.9,0.0,100.0,100.0
2026-04-04T17:00:06Z,25.0,8.2,298.6,0.0,100.0,100.0
2026-04-04T17:00:08Z,25.0,11.9,298.5,0.0,100.0,100.0
2026-04-04T17:00:10Z,25.0,11.9,298.5,0.0,100.0,100.0
2026-04-04T17:00:12Z,25.1,11.87,298.4,0.0,100.0,100.0
2026-04-04T17:00:14Z,25.1,11.86,298.4,0.0,100.0,100.0
2026-04-04T17:00:16Z,25.0,11.86,298.3,0.0,100.0,100.0
2026-04-04T17:00:18Z,25.1,11.86,298.3,0.0,100.0,100.0
2026-04-04T17:00:20Z,25.0,11.88,298.2,0.0,100.0,100.0
2026-04-04T17:00:22Z,25.1,11.91,298.2,0.0,100.0,100.0
2026-04-04T17:00:24Z,25.1,11.9,298.1,0.0,100.0,100.0
2026-04-04T17:00:26Z,25.1,11.88,298.1,0.0,100.0,100.0
2026-04-04T17:00:28Z,25.1,11.89,298.0,0.0,100.0,100.0
2026-04-04T17:00:30Z,25.0,11.86,298.0,0.0,100.0,100.0
2026-04-04T17:00:32Z,25.0,11.88,297.9,0.0,100.0,100.0
2026-04-04T17:00:34Z,25.0,11.88,297.9,0.0,100.0,100.0
2026-04-04T17:00:36Z,25.0,11.88,297.8,0.0,100.0,100.0
2026-04-04T17:00:38Z,24.9,11.92,297.8,0.0,100.0,100.0
2026-04-04T17:00:40Z,25.0,11.92,267.2,0.0,100.0,100.0
2026-04-04T17:00:42Z,24.9,11.92,267.2,0.0,100.0,100.0
2026-04-04T17:00:44Z,24.9,11.91,267.1,0.0,100.0,100.0
2026-04-04T17:00:46Z,24.9,11.96,267.1,0.0,100.0,100.0
2026-04-04T17:00:48Z,25.0,11.99,267.0,0.0,100.0,100.0
2026-04-04T17:00:50Z,25.1,12.01,267.0,0.0,100.0,100.0
2026-04-04T17:00:52Z,25.1,12.03,266.9,0.0,100.0,100.0
2026-04-04T17:00:54Z,107.5,12.04,266.9,0.0,100.0,100.0
2026-04-04T17:00:56Z,107.5,12.04,266.8,0.0,100.0,100.0
2026-04-04T17:00:58Z,107.5,12.06,266.8,0.0,100.0,100.0
2026-04-04T17:01:00Z,77.3,12.04,266.7,0.0,100.0,100.0
2026-04-04T17:01:02Z,77.3,12.02,266.7,0.0,100.0,100.0
2026-04-04T17:01:04Z,77.3,12.0,266.6,0.0,100.0,100.0
2026-04-04T17:01:06Z,77.3,11.99,266.6,0.0,100.0,100.0
2026-04-04T17:01:08Z,77.3,11.99,266.5,0.0,100.0,100.0
2026-04-04T17:01:10Z,77.3,12.03,266.5,0.0,100.0,100.0
2026-04-04T17:01:12Z,77.4,12.04,266.4,0.0,100.0,100.0
2026-04-04T17:01:14Z,80.9,12.05,266.4,0.0,100.0,100.0
2026-04-04T17:01:16Z,80.9,12.05,266.3,144.0,100.0,100.0
2026-04-04T17:01:18Z,80.9,12.07,266.3,0.0,100.0,100.0
2026-04-04T17:01:20Z,82.7,8.69,265.8,0.0,100.0,100.0
2026-04-04T17:01:22Z,84.6,8.43,264.7,0.1,100.0,100.0
2026-04-04T17:01:24Z,135.9,8.4,263.5,6.3,100.0,100.0
2026-04-04T17:01:26Z,138.3,8.37,262.3,60.0,100.0,100.0
2026-04-04T17:01:28Z,140.6,8.51,261.3,6.3,100.0,100.0
2026-04-04T17:01:30Z,143.0,8.36,260.4,6.1,100.0,100.0
2026-04-04T17:01:32Z,146.3,8.54,259.2,11.8,100.0,100.0
2026-04-04T17:01:34Z,149.1,8.49,258.0,10.3,100.0,100.0
2026-04-04T17:01:36Z,151.5,8.53,256.9,10.6,100.0,100.0
2026-04-04T17:01:38Z,154.0,8.53,255.4,13.2,100.0,100.0
2026-04-04T17:01:40Z,156.4,8.57,254.0,16.3,100.0,100.0
2026-04-04T17:01:42Z,159.9,8.34,252.5,17.8,100.0,100.0
2026-04-04T17:01:44Z,163.4,8.44,251.5,20.7,100.0,100.0
2026-04-04T17:01:46Z,165.4,8.55,250.2,18.1,100.0,100.0
2026-04-04T17:01:48Z,167.7,8.45,248.9,19.7,100.0,100.0
2026-04-04T17:01:50Z,170.0,8.52,247.4,24.0,100.0,100.0
2026-04-04T17:01:52Z,171.8,8.54,245.8,21.7,100.0,100.0
2026-04-04T17:01:54Z,173.9,8.52,244.4,23.4,100.0,100.0
2026-04-04T17:01:56Z,178.0,8.58,242.8,32.8,100.0,100.0
2026-04-04T17:01:58Z,180.5,8.65,241.6,26.3,100.0,100.0
2026-04-04T17:02:00Z,182.9,8.46,240.2,27.9,100.0,100.0
2026-04-04T17:02:02Z,186.2,8.5,238.3,29.0,100.0,100.0
2026-04-04T17:02:04Z,189.7,8.39,236.5,35.1,100.0,100.0
2026-04-04T17:02:06Z,192.1,8.41,234.9,34.3,100.0,100.0
2026-04-04T17:02:08Z,195.6,8.55,233.5,31.4,100.0,100.0
2026-04-04T17:02:10Z,198.0,8.45,231.7,40.9,100.0,100.0
2026-04-04T17:02:12Z,200.0,8.53,230.4,40.5,100.0,100.0
2026-04-04T17:02:14Z,200.0,8.59,228.9,37.4,100.0,100.0
2026-04-04T17:02:16Z,200.0,8.39,227.4,40.6,100.0,100.0
2026-04-04T17:02:18Z,200.0,8.43,225.7,44.5,100.0,100.0
2026-04-04T17:02:20Z,200.0,8.63,223.7,40.1,100.0,100.0
2026-04-04T17:02:22Z,200.0,8.5,221.8,41.0,100.0,100.0
2026-04-04T17:02:24Z,200.0,8.71,220.0,45.9,100.0,100.0
2026-04-04T17:02:26Z,200.0,8.5,218.0,52.2,100.0,100.0
2026-04-04T17:02:28Z,200.0,8.46,215.9,52.2,100.0,100.0
2026-04-04T17:02:30Z,200.0,8.41,213.9,51.8,100.0,100.0
2026-04-04T17:02:32Z,200.0,8.45,211.9,48.6,100.0,100.0
2026-04-04T17:02:34Z,200.0,8.53,209.6,56.5,100.0,100.0
2026-04-04T17:02:36Z,200.0,8.55,207.8,50.6,100.0,100.0
2026-04-04T17:02:38Z,200.0,8.42,205.8,58.0,100.0,100.0
2026-04-04T17:02:40Z,85.3,8.74,204.7,85.5,100.0,100.0
2026-04-04T17:02:42Z,85.7,8.68,203.5,110.1,100.0,100.0
2026-04-04T17:02:44Z,85.5,8.69,202.4,88.7,100.0,100.0
2026-04-04T17:02:46Z,84.7,8.81,201.5,82.5,100.0,100.0
2026-04-04T17:02:48Z,81.7,8.82,200.5,82.1,100.0,100.0
2026-04-04T17:02:50Z,87.3,8.79,199.5,89.7,100.0,100.0
2026-04-04T17:02:52Z,83.8,8.81,198.6,85.7,100.0,100.0
2026-04-04T17:02:54Z,87.7,8.86,197.6,83.3,100.0,100.0
2026-04-04T17:02:56Z,80.2,8.98,196.6,80.7,100.0,100.0
2026-04-04T17:02:58Z,86.0,8.86,195.9,85.5,100.0,100.0
2026-04-04T17:03:00Z,84.9,12.72,195.1,86.0,100.0,100.0
2026-04-04T17:03:02Z,84.6,8.75,194.2,84.9,100.0,100.0
2026-04-04T17:03:04Z,81.5,8.81,193.2,85.8,100.0,100.0
2026-04-04T17:03:06Z,86.6,8.73,192.6,83.0,100.0,100.0
2026-04-04T17:03:08Z,83.9,8.94,191.2,82.7,100.0,100.0
2026-04-04T17:03:10Z,12.6,8.77,190.2,88.0,100.0,100.0
2026-04-04T17:03:12Z,86.9,8.65,189.3,82.6,100.0,100.0
2026-04-04T17:03:14Z,82.3,8.91,187.9,82.0,100.0,100.0
2026-04-04T17:03:16Z,81.0,8.85,186.9,83.5,100.0,100.0
2026-04-04T17:03:18Z,83.8,8.77,185.8,87.9,100.0,100.0
2026-04-04T17:03:20Z,84.1,8.85,184.9,82.1,100.0,100.0
2026-04-04T17:03:22Z,87.4,8.84,183.8,84.7,100.0,100.0
2026-04-04T17:03:24Z,80.9,8.85,182.6,86.6,100.0,100.0
2026-04-04T17:03:26Z,86.6,8.86,181.6,86.8,100.0,100.0
2026-04-04T17:03:28Z,84.3,8.82,180.5,86.3,100.0,100.0
2026-04-04T17:03:30Z,88.4,8.84,179.4,82.2,100.0,100.0
2026-04-04T17:03:32Z,84.9,8.89,178.5,82.5,100.0,100.0
2026-04-04T17:03:34Z,83.9,8.8,177.6,85.1,100.0,100.0
2026-04-04T17:03:36Z,83.6,8.86,176.7,84.2,100.0,100.0
2026-04-04T17:03:38Z,83.8,8.72,175.9,85.6,100.0,100.0
2026-04-04T17:03:40Z,82.4,8.88,175.0,80.4,100.0,100.0
2026-04-04T17:03:42Z,86.6,8.83,173.8,88.3,100.0,100.0
2026-04-04T17:03:44Z,83.3,8.87,172.6,86.4,100.0,100.0
2026-04-04T17:03:46Z,89.9,8.79,171.7,86.3,100.0,100.0
2026-04-04T17:03:48Z,86.1,8.83,170.7,84.3,100.0,100.0
2026-04-04T17:03:50Z,82.0,8.68,169.7,83.2,100.0,100.0
2026-04-04T17:03:52Z,83.5,8.83,168.6,86.4,100.0,100.0
2026-04-04T17:03:54Z,84.2,8.85,167.6,87.3,100.0,100.0
2026-04-04T17:03:56Z,85.3,8.76,166.7,86.4,100.0,100.0
2026-04-04T17:03:58Z,82.3,8.83,165.7,90.0,100.0,100.0
2026-04-04T17:04:00Z,88.2,8.85,164.7,89.1,100.0,100.0
2026-04-04T17:04:02Z,83.6,8.75,163.6,87.6,100.0,100.0
2026-04-04T17:04:04Z,86.4,9.06,162.3,94.7,100.0,100.0
2026-04-04T17:04:06Z,83.9,8.75,161.4,87.3,100.0,100.0
2026-04-04T17:04:08Z,89.4,8.83,160.3,15.1,100.0,100.0
2026-04-04T17:04:10Z,89.9,8.79,159.1,80.1,100.0,100.0
2026-04-04T17:04:12Z,86.1,8.89,33.3,81.0,100.0,100.0
2026-04-04T17:04:14Z,82.4,8.77,32.2,83.2,100.0,100.0
2026-04-04T17:04:16Z,84.3,8.7,31.4,83.6,100.0,100.0
2026-04-04T17:04:18Z,82.1,8.87,30.4,92.1,100.0,100.0
2026-04-04T17:04:20Z,83.3,8.91,29.7,81.5,100.0,100.0
2026-04-04T17:04:22Z,82.6,8.75,17.8,87.3,100.0,100.0
2026-04-04T17:04:24Z,86.2,8.67,16.6,88.7,100.0,100.0
2026-04-04T17:04:26Z,86.1,8.82,15.7,89.1,100.0,100.0
2026-04-04T17:04:28Z,85.1,8.79,14.6,84.6,100.0,100.0
2026-04-04T17:04:30Z,86.6,8.83,13.7,89.0,100.0,100.0
2026-04-04T17:04:32Z,85.5,8.91,12.7,82.4,100.0,100.0
2026-04-04T17:04:34Z,86.0,8.75,11.4,82.0,100.0,100.0
2026-04-04T17:04:36Z,82.2,8.96,10.3,73.4,100.0,100.0
2026-04-04T17:04:38Z,83.1,8.79,9.2,84.0,100.0,100.0
2026-04-04T17:04:40Z,84.9,8.71,8.1,80.8,100.0,100.0
2026-04-04T17:04:42Z,84.5,8.82,7.0,85.4,100.0,100.0
2026-04-04T17:04:44Z,85.8,8.64,5.9,90.1,100.0,100.0
2026-04-04T17:04:46Z,83.7,8.86,4.7,86.8,100.0,100.0
2026-04-04T17:04:48Z,83.9,8.75,3.9,86.2,100.0,100.0
2026-04-04T17:04:50Z,83.1,8.88,2.8,82.5,100.0,100.0
2026-04-04T17:04:52Z,81.4,8.66,1.8,85.2,100.0,100.0
2026-04-04T17:04:54Z,83.5,8.86,0.9,85.8,100.0,100.0
2026-04-04T17:04:56Z,83.0,8.86,0.0,81.5,100.0,100.0
2026-04-04T17:04:58Z,85.4,8.81,0.0,85.6,100.0,100.0
2026-04-04T17:05:00Z,86.7,8.73,0.0,83.5,100.0,100.0
2026-04-04T17:05:02Z,84.4,8.87,0.0,85.8,100.0,100.0
2026-04-04T17:05:04Z,83.4,8.97,0.0,87.1,100.0,100.0
2026-04-04T17:05:06Z,89.8,1.03,0.0,82.5,100.0,100.0
2026-04-04T17:05:08Z,86.5,8.74,0.0,87.4,100.0,100.0
2026-04-04T17:05:10Z,85.6,8.86,0.0,80.0,100.0,100.0
2026-04-04T17:05:12Z,86.7,8.8,0.0,89.6,100.0,100.0
2026-04-04T17:05:14Z,84.9,8.85,0.0,87.1,100.0,100.0
2026-04-04T17:05:16Z,82.1,8.68,0.0,85.0,100.0,100.0
2026-04-04T17:05:18Z,81.2,8.76,0.0,78.5,100.0,100.0
2026-04-04T17:05:20Z,83.6,8.75,0.0,86.2,100.0,100.0
2026-04-04T17:05:22Z,83.3,8.85,0.0,84.2,100.0,100.0
2026-04-04T17:05:24Z,88.1,8.86,0.0,91.1,100.0,100.0
2026-04-04T17:05:26Z,84.8,8.87,0.0,85.8,100.0,100.0
2026-04-04T17:05:28Z,86.7,8.84,0.0,81.2,100.0,100.0
2026-04-04T17:05:30Z,84.4,8.8,0.0,87.9,100.0,100.0
2026-04-04T17:05:32Z,88.4,8.77,0.0,87.0,100.0,100.0
2026-04-04T17:05:34Z,87.2,8.84,0.0,83.3,100.0,100.0
2026-04-04T17:05:36Z,85.5,8.76,0.0,89.1,100.0,100.0
2026-04-04T17:05:38Z,85.8,8.76,0.0,82.7,100.0,100.0
2026-04-04T17:05:40Z,82.9,8.78,0.0,86.5,100.0,100.0
2026-04-04T17:05:42Z,85.3,8.86,0.0,82.0,100.0,100.0
2026-04-04T17:05:44Z,88.3,8.84,0.0,83.9,100.0,100.0
2026-04-04T17:05:46Z,80.7,8.73,0.0,87.0,100.0,100.0
2026-04-04T17:05:48Z,85.6,8.9,0.0,81.5,100.0,100.0
2026-04-04T17:05:50Z,87.3,8.77,0.0,89.0,100.0,100.0
2026-04-04T17:05:52Z,86.8,1.4,0.0,85.0,100.0,100.0
2026-04-04T17:05:54Z,83.1,8.86,0.0,86.5,100.0,100.0
2026-04-04T17:05:56Z,89.2,8.79,0.0,81.5,100.0,100.0
2026-04-04T17:05:58Z,82.9,8.91,0.0,87.7,100.0,100.0
2026-04-04T17:06:00Z,87.6,8.76,0.0,82.5,100.0,100.0
2026-04-04T17:06:02Z,85.5,8.85,0.0,83.2,100.0,100.0
2026-04-04T17:06:04Z,85.4,8.84,0.0,85.0,100.0,100.0
2026-04-04T17:06:06Z,85.0,8.8,0.0,85.8,100.0,100.0
2026-04-04T17:06:08Z,85.4,8.74,0.0,82.0,100.0,100.0
2026-04-04T17:06:10Z,86.3,8.75,0.0,86.7,100.0,100.0
2026-04-04T17:06:12Z,85.5,8.78,0.0,80.4,100.0,100.0
2026-04-04T17:06:14Z,84.6,8.87,0.0,80.9,100.0,100.0
2026-04-04T17:06:16Z,81.8,8.72,0.0,86.6,100.0,100.0
2026-04-04T17:06:18Z,82.6,8.75,0.0,82.0,100.0,100.0
2026-04-04T17:06:20Z,83.7,8.82,0.0,90.4,100.0,100.0
2026-04-04T17:06:22Z,85.6,8.93,0.0,82.4,100.0,100.0
2026-04-04T17:06:24Z,84.9,8.86,0.0,85.3,100.0,100.0
2026-04-04T17:06:26Z,81.9,8.81,0.0,85.5,100.0,100.0
2026-04-04T17:06:28Z,82.0,8.74,0.0,85.5,100.0,100.0
2026-04-04T17:06:30Z,84.5,8.85,0.0,85.7,100.0,100.0
2026-04-04T17:06:32Z,87.8,8.74,0.0,86.6,100.0,100.0
2026-04-04T17:06:34Z,86.0,8.8,0.0,86.2,100.0,100.0
2026-04-04T17:06:36Z,83.3,8.83,0.0,82.3,100.0,100.0
2026-04-04T17:06:38Z,87.0,8.77,0.0,85.5,100.0,100.0
2026-04-04T17:06:40Z,85.8,8.94,0.0,86.5,100.0,100.0
2026-04-04T17:06:42Z,83.4,8.94,0.0,78.6,100.0,100.0
2026-04-04T17:06:44Z,81.5,8.99,0.0,78.8,100.0,100.0
2026-04-04T17:06:46Z,80.6,8.83,0.0,78.7,100.0,100.0
2026-04-04T17:06:48Z,79.5,9.07,0.0,73.0,100.0,100.0
2026-04-04T17:06:50Z,78.3,8.93,0.0,68.6,100.0,100.0
2026-04-04T17:06:52Z,76.6,9.08,0.0,65.1,100.0,100.0
2026-04-04T17:06:54Z,75.1,8.96,0.0,63.4,100.0,100.0
2026-04-04T17:06:56Z,73.5,9.14,0.0,60.3,100.0,100.0
2026-04-04T17:06:58Z,71.9,8.88,0.0,58.9,100.0,100.0
2026-04-04T17:07:00Z,71.1,9.13,0.0,56.4,100.0,100.0
2026-04-04T17:07:02Z,69.8,9.08,0.0,54.0,100.0,100.0
2026-04-04T17:07:04Z,68.3,8.98,0.0,53.8,100.0,100.0
2026-04-04T17:07:06Z,65.6,8.85,0.0,44.9,100.0,100.0
2026-04-04T17:07:08Z,64.2,9.04,0.0,47.0,100.0,100.0
2026-04-04T17:07:10Z,62.5,8.96,0.0,43.0,100.0,100.0
2026-04-04T17:07:12Z,61.6,8.94,0.0,36.5,100.0,100.0
2026-04-04T17:07:14Z,59.6,8.95,0.0,38.1,100.0,100.0
2026-04-04T17:07:16Z,58.3,9.03,0.0,33.5,100.0,100.0
2026-04-04T17:07:18Z,56.9,8.88,0.0,29.5,100.0,100.0
2026-04-04T17:07:20Z,56.3,8.98,0.0,25.3,100.0,100.0
2026-04-04T17:07:22Z,55.2,9.0,0.0,28.9,100.0,100.0
2026-04-04T17:07:24Z,53.0,9.05,0.0,20.8,100.0,100.0
2026-04-04T17:07:26Z,51.3,9.01,0.0,21.1,100.0,100.0
2026-04-04T17:07:28Z,49.5,8.92,0.0,17.0,100.0,100.0
2026-04-04T17:07:30Z,48.7,8.97,0.0,14.9,100.0,100.0
2026-04-04T17:07:32Z,47.5,9.08,0.0,12.9,100.0,100.0
2026-04-04T17:07:34Z,46.0,9.02,0.0,6.6,100.0,100.0
2026-04-04T17:07:36Z,44.8,8.91,0.0,3.1,100.0,100.0
2026-04-04T17:07:38Z,43.9,9.07,0.0,1.7,100.0,100.0
2026-04-04T17:07:40Z,43.1,9.12,0.0,0.0,100.0,100.0
2026-04-04T17:07:42Z,42.3,9.15,0.0,0.0,100.0,100.0
2026-04-04T17:07:44Z,41.5,9.09,0.0,0.0,100.0,100.0
2026-04-04T17:07:46Z,40.7,9.13,0.0,0.0,100.0,100.0
2026-04-04T17:07:48Z,39.9,9.03,0.0,0.0,100.0,100.0
2026-04-04T17:07:50Z,39.1,9.06,0.0,0.0,100.0,100.0
2026-04-04T17:07:52Z,38.3,9.06,0.0,0.0,100.0,100.0
2026-04-04T17:07:54Z,37.5,9.19,0.0,0.0,100.0,100.0
2026-04-04T17:07:56Z,36.7,9.05,0.0,0.0,100.0,100.0
2026-04-04T17:07:58Z,35.9,9.14,0.0,0.0,100.0,100.0
2026-04-04T17:08:00Z,35.1,9.15,0.0,0.0,100.0,100.0
2026-04-04T17:08:02Z,34.3,9.1,0.0,0.0,100.0,100.0
2026-04-04T17:08:04Z,33.5,9.12,0.0,0.0,100.0,100.0
2026-04-04T17:08:06Z,32.7,9.08,0.0,0.0,100.0,100.0
2026-04-04T17:08:08Z,31.9,9.18,0.0,0.0,100.0,100.0
2026-04-04T17:08:10Z,31.1,9.06,0.0,0.0,100.0,100.0
2026-04-04T17:08:12Z,30.3,9.16,0.0,0.0,100.0,100.0
2026-04-04T17:08:14Z,30.0,9.15,0.0,0.0,100.0,100.0
2026-04-04T17:08:16Z,30.0,9.15,0.0,0.0,100.0,100.0
2026-04-04T17:08:18Z,30.0,9.09,0.0,0.0,100.0,100.0
2026-04-04T17:08:20Z,30.3,8.07,940.0,0.0,94.2,95.2
2026-04-04T17:08:22Z,30.3,8.08,939.9,0.0,94.2,95.2
2026-04-04T17:08:24Z,30.4,8.66,939.9,0.0,94.2,95.2
2026-04-04T17:08:26Z,30.4,8.64,939.8,0.0,94.2,95.2
2026-04-04T17:08:28Z,30.4,8.61,939.8,0.0,94.2,95.2
2026-04-04T17:08:30Z,89.0,8.62,939.7,0.0,94.2,95.2
2026-04-04T17:08:32Z,89.1,8.64,939.7,0.0,94.2,95.2
2026-04-04T17:08:34Z,89.1,8.6,939.6,0.0,94.2,95.2
2026-04-04T17:08:36Z,89.1,8.61,939.6,0.0,94.2,95.2
2026-04-04T17:08:38Z,89.2,8.58,939.5,0.0,94.2,95.2
2026-04-04T17:08:40Z,89.1,8.57,939.5,0.0,94.2,95.2
2026-04-04T17:08:42Z,89.2,8.57,939.4,0.0,94.2,95.2
2026-04-04T17:08:44Z,89.3,8.56,939.4,0.0,94.2,95.2
2026-04-04T17:08:46Z,89.3,23.65,939.3,0.0,94.2,95.2
2026-04-04T17:08:48Z,89.3,0.63,939.3,0.0,94.2,95.2
2026-04-04T17:08:50Z,89.4,0.63,939.2,0.0,94.2,95.2
2026-04-04T17:08:52Z,89.5,0.63,939.2,0.0,94.2,95.2
2026-04-04T17:08:54Z,89.4,0.65,939.1,0.0,94.2,95.2
2026-04-04T17:08:56Z,89.4,0.62,939.1,0.0,94.2,95.2
2026-04-04T17:08:58Z,89.4,0.64,939.0,0.0,94.2,95.2
2026-04-04T17:09:00Z,89.4,0.64,939.0,0.0,94.2,95.2
2026-04-04T17:09:02Z,89.4,0.63,938.9,0.0,94.2,95.2
2026-04-04T17:09:04Z,89.5,0.62,938.9,0.0,94.2,95.2
2026-04-04T17:09:06Z,89.5,0.62,938.8,0.0,94.2,95.2
2026-04-04T17:09:08Z,89.4,0.61,938.8,0.0,94.2,95.2
2026-04-04T17:09:10Z,89.4,0.59,938.7,0.0,94.2,95.2
2026-04-04T17:09:12Z,89.4,0.62,938.7,0.0,94.2,95.2
2026-04-04T17:09:14Z,89.5,0.6,938.6,0.0,94.2,95.2
2026-04-04T17:09:16Z,89.5,0.61,938.6,0.0,94.2,95.2
2026-04-04T17:09:18Z,89.6,0.64,938.5,0.0,94.2,95.2
2026-04-04T17:09:20Z,89.6,0.61,938.5,0.0,94.2,95.2
2026-04-04T17:09:22Z,10.7,0.63,938.4,0.0,94.2,95.2
2026-04-04T17:09:24Z,10.7,0.64,938.4,0.0,94.2,95.2
2026-04-04T17:09:26Z,10.7,0.65,938.3,0.0,94.2,95.2
2026-04-04T17:09:28Z,10.8,0.65,938.3,0.0,94.2,95.2
2026-04-04T17:09:30Z,10.8,0.68,938.2,0.0,94.2,95.2
2026-04-04T17:09:32Z,10.8,0.68,938.2,0.0,94.2,95.2
2026-04-04T17:09:34Z,10.9,0.68,938.1,0.0,94.2,95.2
2026-04-04T17:09:36Z,10.9,0.69,938.1,0.0,94.2,95.2
2026-04-04T17:09:38Z,176.8,0.66,938.0,0.0,94.2,95.2
2026-04-04T17:09:40Z,179.1,8.5,380.9,0.0,94.2,95.2
2026-04-04T17:09:42Z,181.7,8.65,379.7,1.2,94.2,95.2
2026-04-04T17:09:44Z,183.5,8.46,379.2,0.0,94.2,95.2
2026-04-04T17:09:46Z,186.0,8.56,378.5,5.0,94.2,95.2
2026-04-04T17:09:48Z,188.3,8.51,377.5,5.4,94.2,95.2
2026-04-04T17:09:50Z,190.9,8.6,376.1,9.6,94.2,95.2
2026-04-04T17:09:52Z,194.4,8.46,374.7,5.4,94.2,95.2
2026-04-04T17:09:54Z,197.4,8.4,373.8,5.1,94.2,95.2
2026-04-04T17:09:56Z,200.0,8.61,372.2,11.5,94.2,95.2
2026-04-04T17:09:58Z,200.0,8.58,371.0,11.7,94.2,95.2
2026-04-04T17:10:00Z,200.0,8.34,370.2,16.6,94.2,95.2
2026-04-04T17:10:02Z,200.0,8.46,368.4,12.2,94.2,95.2
2026-04-04T17:10:04Z,55.1,8.41,367.1,17.0,94.2,95.2
2026-04-04T17:10:06Z,57.4,8.49,365.7,18.5,94.2,95.2
2026-04-04T17:10:08Z,59.8,8.54,364.1,18.5,94.2,95.2
2026-04-04T17:10:10Z,62.3,8.53,363.1,16.1,94.2,95.2
2026-04-04T17:10:12Z,64.9,8.52,362.0,20.1,94.2,95.2
2026-04-04T17:10:14Z,67.4,8.55,360.6,23.5,94.2,95.2
2026-04-04T17:10:16Z,69.6,8.55,359.0,30.4,94.2,95.2
2026-04-04T17:10:18Z,72.1,8.54,357.2,22.3,94.2,95.2
2026-04-04T17:10:20Z,93.9,8.41,355.7,29.1,94.2,95.2
2026-04-04T17:10:22Z,96.8,8.49,354.0,32.8,94.2,95.2
2026-04-04T17:10:24Z,99.4,8.48,352.3,35.2,94.2,95.2
2026-04-04T17:10:26Z,101.3,8.53,350.9,198.1,94.2,95.2
2026-04-04T17:10:28Z,104.0,8.51,348.7,37.5,94.2,95.2
2026-04-04T17:10:30Z,107.4,8.52,347.2,32.8,94.2,95.2
2026-04-04T17:10:32Z,110.5,8.54,345.6,42.2,94.2,95.2
2026-04-04T17:10:34Z,113.3,8.57,343.6,43.1,94.2,95.2
2026-04-04T17:10:36Z,115.9,8.47,341.8,40.8,94.2,95.2
2026-04-04T17:10:38Z,118.1,8.49,340.1,41.9,94.2,95.2
2026-04-04T17:10:40Z,121.2,8.47,338.4,37.9,94.2,95.2
2026-04-04T17:10:42Z,123.7,8.39,336.5,47.2,94.2,95.2
2026-04-04T17:10:44Z,125.7,8.43,334.6,38.1,94.2,95.2
2026-04-04T17:10:46Z,128.7,8.42,332.7,42.3,94.2,95.2
2026-04-04T17:10:48Z,131.0,8.4,330.6,47.2,94.2,95.2
2026-04-04T17:10:50Z,133.6,8.5,328.9,45.5,94.2,95.2
2026-04-04T17:10:52Z,136.4,8.42,326.5,53.1,94.2,95.2
2026-04-04T17:10:54Z,138.8,8.61,324.5,50.9,94.2,95.2
2026-04-04T17:10:56Z,141.1,8.5,322.4,52.5,94.2,95.2
2026-04-04T17:10:58Z,143.8,8.42,320.1,52.0,94.2,95.2
2026-04-04T17:11:00Z,83.4,8.95,319.3,85.6,94.2,95.2
2026-04-04T17:11:02Z,88.0,8.77,318.3,80.4,94.2,95.2
2026-04-04T17:11:04Z,85.4,8.89,317.3,80.5,94.2,95.2
2026-04-04T17:11:06Z,85.8,8.89,316.7,75.7,94.2,95.2
2026-04-04T17:11:08Z,82.7,8.79,315.8,76.1,94.2,95.2
2026-04-04T17:11:10Z,86.0,8.65,314.8,78.5,94.2,95.2
2026-04-04T17:11:12Z,84.1,8.7,313.8,77.6,94.2,95.2
2026-04-04T17:11:14Z,89.4,8.66,312.9,82.0,94.2,95.2
2026-04-04T17:11:16Z,85.3,8.88,311.9,83.9,94.2,95.2
2026-04-04T17:11:18Z,85.3,8.86,310.9,78.2,94.2,95.2
2026-04-04T17:11:20Z,86.9,8.77,309.8,80.5,94.2,95.2
2026-04-04T17:11:22Z,89.3,8.81,308.9,80.6,94.2,95.2
2026-04-04T17:11:24Z,87.6,8.76,307.9,83.3,94.2,95.2
2026-04-04T17:11:26Z,86.1,8.85,307.0,78.2,94.2,95.2
2026-04-04T17:11:28Z,87.0,8.81,306.0,78.0,94.2,95.2
2026-04-04T17:11:30Z,87.5,8.72,305.1,78.5,94.2,95.2
2026-04-04T17:11:32Z,84.8,8.76,304.1,79.3,94.2,95.2
2026-04-04T17:11:34Z,82.7,8.85,303.0,83.5,94.2,95.2
2026-04-04T17:11:36Z,86.4,8.66,302.3,82.4,94.2,95.2
2026-04-04T17:11:38Z,87.2,20.2,301.2,77.4,94.2,95.2
2026-04-04T17:11:40Z,85.3,8.78,300.1,75.6,94.2,95.2
2026-04-04T17:11:42Z,85.8,8.84,299.3,84.1,94.2,95.2
2026-04-04T17:11:44Z,82.7,8.89,298.1,81.7,94.2,95.2
2026-04-04T17:11:46Z,85.4,8.63,297.2,75.9,94.2,95.2
2026-04-04T17:11:48Z,90.1,8.89,296.4,78.5,94.2,95.2
2026-04-04T17:11:50Z,83.9,8.79,295.4,81.7,94.2,95.2
2026-04-04T17:11:52Z,85.0,8.76,294.5,83.6,94.2,95.2
2026-04-04T17:11:54Z,90.3,8.8,293.3,82.4,94.2,95.2
2026-04-04T17:11:56Z,88.4,8.8,292.5,77.5,94.2,95.2
2026-04-04T17:11:58Z,85.4,8.76,291.6,75.5,94.2,95.2
2026-04-04T17:12:00Z,84.7,8.8,290.7,77.9,94.2,95.2
2026-04-04T17:12:02Z,87.8,8.61,289.7,81.5,94.2,95.2
2026-04-04T17:12:04Z,85.0,8.7,288.6,86.7,94.2,95.2
2026-04-04T17:12:06Z,85.5,8.8,287.7,82.2,94.2,95.2
2026-04-04T17:12:08Z,88.3,8.66,286.8,82.3,94.2,95.2
2026-04-04T17:12:10Z,86.7,8.76,285.8,79.1,94.2,95.2
2026-04-04T17:12:12Z,86.0,8.79,285.2,80.4,94.2,95.2
2026-04-04T17:12:14Z,85.8,1.77,284.2,85.8,94.2,95.2
2026-04-04T17:12:16Z,85.8,8.68,283.4,72.8,94.2,95.2
2026-04-04T17:12:18Z,88.1,8.71,282.4,74.8,94.2,95.2
2026-04-04T17:12:20Z,89.0,8.77,281.5,77.2,94.2,95.2
2026-04-04T17:12:22Z,87.1,8.77,280.4,74.2,94.2,95.2
2026-04-04T17:12:24Z,88.3,8.87,279.5,84.9,94.2,95.2
2026-04-04T17:12:26Z,84.4,8.73,278.6,82.3,94.2,95.2
2026-04-04T17:12:28Z,85.5,8.8,277.7,80.3,94.2,95.2
2026-04-04T17:12:30Z,86.6,8.72,199.1,77.3,94.2,95.2
2026-04-04T17:12:32Z,83.7,8.77,197.8,80.2,94.2,95.2
2026-04-04T17:12:34Z,87.3,8.87,196.9,78.9,94.2,95.2
2026-04-04T17:12:36Z,90.3,8.87,195.8,82.0,94.2,95.2
2026-04-04T17:12:38Z,86.1,8.82,194.7,82.6,94.2,95.2
2026-04-04T17:12:40Z,85.4,8.88,193.5,81.7,94.2,95.2
2026-04-04T17:12:42Z,87.6,8.81,192.3,84.3,94.2,95.2
2026-04-04T17:12:44Z,81.8,8.76,191.5,78.9,94.2,95.2
2026-04-04T17:12:46Z,87.8,8.93,190.4,82.2,94.2,95.2
2026-04-04T17:12:48Z,85.6,8.77,189.7,81.0,94.2,95.2
2026-04-04T17:12:50Z,84.4,8.77,188.3,75.6,94.2,95.2
2026-04-04T17:12:52Z,82.2,8.8,187.5,72.4,94.2,95.2
2026-04-04T17:12:54Z,83.0,8.7,186.5,83.9,94.2,95.2
2026-04-04T17:12:56Z,89.3,8.93,185.7,82.9,94.2,95.2
2026-04-04T17:12:58Z,89.8,8.56,184.7,84.5,94.2,95.2
2026-04-04T17:13:00Z,86.4,8.89,183.9,88.0,94.2,95.2
2026-04-04T17:13:02Z,86.7,8.87,183.0,81.7,94.2,95.2
2026-04-04T17:13:04Z,82.9,8.64,182.2,78.4,94.2,95.2
2026-04-04T17:13:06Z,83.2,8.62,181.1,78.5,94.2,95.2
2026-04-04T17:13:08Z,85.6,8.96,180.1,81.8,94.2,95.2
2026-04-04T17:13:10Z,87.3,8.9,179.2,81.4,94.2,95.2
2026-04-04T17:13:12Z,84.9,8.62,178.3,79.4,94.2,95.2
2026-04-04T17:13:14Z,89.8,8.82,177.2,83.8,94.2,95.2
2026-04-04T17:13:16Z,88.2,8.78,176.2,79.6,94.2,95.2
2026-04-04T17:13:18Z,85.9,8.73,175.6,81.7,94.2,95.2
2026-04-04T17:13:20Z,88.5,8.99,174.6,75.8,94.2,95.2
2026-04-04T17:13:22Z,88.0,8.87,173.4,83.3,94.2,95.2
2026-04-04T17:13:24Z,84.0,8.87,172.8,84.4,94.2,95.2
2026-04-04T17:13:26Z,86.5,8.75,172.0,79.7,94.2,95.2
2026-04-04T17:13:28Z,84.2,8.77,171.4,79.9,94.2,95.2
2026-04-04T17:13:30Z,87.2,8.81,170.6,83.6,94.2,95.2
2026-04-04T17:13:32Z,87.3,8.77,169.4,79.1,94.2,95.2
2026-04-04T17:13:34Z,90.5,8.74,168.7,76.0,94.2,95.2
2026-04-04T17:13:36Z,84.7,8.77,167.6,84.1,94.2,95.2
2026-04-04T17:13:38Z,86.4,8.79,166.7,78.6,94.2,95.2
2026-04-04T17:13:40Z,88.2,8.98,165.9,81.3,94.2,95.2
2026-04-04T17:13:42Z,85.0,8.86,165.0,79.1,94.2,95.2
2026-04-04T17:13:44Z,83.6,8.87,163.9,78.6,94.2,95.2
2026-04-04T17:13:46Z,81.2,8.82,163.1,77.2,94.2,95.2
2026-04-04T17:13:48Z,88.1,8.7,161.9,83.0,94.2,95.2
2026-04-04T17:13:50Z,86.1,8.84,161.0,81.6,94.2,95.2
2026-04-04T17:13:52Z,87.7,8.76,159.9,83.0,94.2,95.2
2026-04-04T17:13:54Z,82.9,8.94,159.0,86.2,94.2,95.2
2026-04-04T17:13:56Z,85.1,8.91,158.1,81.7,94.2,95.2
2026-04-04T17:13:58Z,85.4,8.9,157.1,84.0,94.2,95.2
2026-04-04T17:14:00Z,86.7,8.72,156.2,77.1,94.2,95.2
2026-04-04T17:14:02Z,86.1,8.85,155.2,82.0,94.2,95.2
2026-04-04T17:14:04Z,82.6,8.76,154.5,80.0,94.2,95.2
2026-04-04T17:14:06Z,85.8,8.78,153.7,79.6,94.2,95.2
2026-04-04T17:14:08Z,84.4,8.61,152.7,79.0,94.2,95.2
2026-04-04T17:14:10Z,88.4,8.77,151.7,82.0,94.2,95.2
2026-04-04T17:14:12Z,90.3,8.64,150.9,75.2,94.2,95.2
2026-04-04T17:14:14Z,84.4,8.73,150.0,79.2,94.2,95.2
2026-04-04T17:14:16Z,83.8,8.72,149.2,79.7,94.2,95.2
2026-04-04T17:14:18Z,87.7,8.79,148.0,80.4,94.2,95.2
2026-04-04T17:14:20Z,85.2,8.75,146.9,75.0,94.2,95.2
2026-04-04T17:14:22Z,87.3,8.89,146.2,76.7,94.2,95.2
2026-04-04T17:14:24Z,86.4,8.85,145.2,78.9,94.2,95.2
2026-04-04T17:14:26Z,87.7,8.83,144.4,80.9,94.2,95.2
2026-04-04T17:14:28Z,86.6,8.83,143.7,80.8,94.2,95.2
2026-04-04T17:14:30Z,84.9,8.76,142.6,81.8,94.2,95.2
2026-04-04T17:14:32Z,89.7,8.75,141.5,82.3,94.2,95.2
2026-04-04T17:14:34Z,80.9,8.76,140.6,78.8,94.2,95.2
2026-04-04T17:14:36Z,85.6,8.84,139.8,76.4,94.2,95.2
2026-04-04T17:14:38Z,86.6,8.83,138.8,81.1,94.2,95.2
2026-04-04T17:14:40Z,84.3,8.68,137.8,82.3,94.2,95.2
2026-04-04T17:14:42Z,81.3,8.83,136.7,81.1,94.2,95.2
2026-04-04T17:14:44Z,85.5,8.75,135.8,80.7,94.2,95.2
2026-04-04T17:14:46Z,85.0,8.84,134.7,82.2,94.2,95.2
2026-04-04T17:14:48Z,84.6,8.9,133.7,85.0,94.2,95.2
2026-04-04T17:14:50Z,85.8,8.95,133.0,77.4,94.2,95.2
2026-04-04T17:14:52Z,86.4,8.74,132.3,83.1,94.2,95.2
2026-04-04T17:14:54Z,87.6,8.77,131.5,79.2,94.2,95.2
2026-04-04T17:14:56Z,85.0,8.96,130.7,80.0,94.2,95.2
2026-04-04T17:14:58Z,88.5,8.77,129.9,81.2,94.2,95.2
2026-04-04T17:15:00Z,87.0,8.91,129.4,84.7,94.2,95.2
2026-04-04T17:15:02Z,85.6,9.05,129.0,82.0,94.2,95.2
2026-04-04T17:15:04Z,83.6,9.12,40.9,79.2,94.2,95.2
2026-04-04T17:15:06Z,82.6,8.97,40.7,77.7,94.2,95.2
2026-04-04T17:15:08Z,81.2,8.92,40.4,75.2,94.2,95.2
2026-04-04T17:15:10Z,79.1,9.14,40.1,69.5,94.2,95.2
2026-04-04T17:15:12Z,77.3,8.91,39.9,70.4,94.2,95.2
2026-04-04T17:15:14Z,74.9,8.85,39.6,69.1,94.2,95.2
2026-04-04T17:15:16Z,73.3,8.94,39.3,64.8,94.2,95.2
2026-04-04T17:15:18Z,71.3,9.07,39.0,63.6,94.2,95.2
2026-04-04T17:15:20Z,70.1,8.92,38.8,58.9,94.2,95.2
2026-04-04T17:15:22Z,68.8,9.13,38.4,54.2,94.2,95.2
2026-04-04T17:15:24Z,67.5,9.21,37.9,47.9,94.2,95.2
2026-04-04T17:15:26Z,66.6,8.98,37.6,46.5,94.2,95.2
2026-04-04T17:15:28Z,65.1,9.02,37.3,42.5,94.2,95.2
2026-04-04T17:15:30Z,63.6,9.02,37.1,46.7,94.2,95.2
2026-04-04T17:15:32Z,61.8,9.08,36.8,39.0,94.2,95.2
2026-04-04T17:15:34Z,60.3,8.93,36.5,38.0,94.2,95.2
2026-04-04T17:15:36Z,58.6,8.92,36.1,37.2,94.2,95.2
2026-04-04T17:15:38Z,57.0,9.07,35.9,33.8,94.2,95.2
2026-04-04T17:15:40Z,55.7,8.9,35.5,30.2,94.2,95.2
2026-04-04T17:15:42Z,54.0,9.15,35.2,32.0,94.2,95.2
2026-04-04T17:15:44Z,52.3,9.02,34.8,24.3,94.2,95.2
2026-04-04T17:15:46Z,51.1,8.87,34.5,25.9,94.2,95.2
2026-04-04T17:15:48Z,49.9,8.99,34.3,22.7,94.2,95.2
2026-04-04T17:15:50Z,47.9,8.9,33.9,17.8,94.2,95.2
2026-04-04T17:15:52Z,46.4,8.87,33.6,16.3,94.2,95.2
2026-04-04T17:15:54Z,44.2,9.05,33.3,13.3,94.2,95.2
2026-04-04T17:15:56Z,42.8,9.04,33.0,11.0,94.2,95.2
2026-04-04T17:15:58Z,41.3,9.18,32.8,7.5,94.2,95.2
2026-04-04T17:16:00Z,40.5,9.04,32.7,0.0,94.2,95.2
2026-04-04T17:16:02Z,39.7,9.04,32.7,0.0,94.2,95.2
2026-04-04T17:16:04Z,38.9,9.09,32.6,0.0,94.2,95.2
2026-04-04T17:16:06Z,38.1,9.13,32.6,0.0,94.2,95.2
2026-04-04T17:16:08Z,37.3,9.07,0.3,0.0,94.2,95.2
2026-04-04T17:16:10Z,36.5,9.07,0.3,0.0,94.2,95.2
2026-04-04T17:16:12Z,35.7,9.13,0.2,0.0,94.2,95.2
2026-04-04T17:16:14Z,34.9,9.16,0.2,0.0,94.2,95.2
2026-04-04T17:16:16Z,34.1,9.21,0.1,0.0,94.2,95.2
2026-04-04T17:16:18Z,33.3,9.18,0.1,0.0,94.2,95.2
2026-04-04T17:16:20Z,32.5,9.06,0.1,0.0,94.2,95.2
2026-04-04T17:16:22Z,31.7,9.17,0.0,0.0,94.2,95.2
2026-04-04T17:16:24Z,30.9,9.07,0.0,0.0,94.2,95.2
2026-04-04T17:16:26Z,30.8,9.06,0.0,0.0,94.2,95.2
2026-04-04T17:16:28Z,30.8,9.1,0.0,0.0,94.2,95.2
2026-04-04T17:16:30Z,30.8,9.1,0.0,99.4,94.2,95.2
2026-04-04T17:16:32Z,30.8,9.08,0.0,0.0,94.2,95.2
2026-04-04T17:16:34Z,30.8,9.05,0.0,0.0,94.2,95.2
2026-04-04T17:16:36Z,30.8,9.1,0.0,0.0,94.2,95.2
2026-04-04T17:16:38Z,30.8,9.14,0.0,0.0,94.2,95.2
2026-04-04T17:16:40Z,32.3,8.35,880.0,195.1,87.1,90.4
2026-04-04T17:16:42Z,32.3,8.35,880.0,153.2,87.1,90.4
2026-04-04T17:16:44Z,32.3,8.35,880.0,150.8,87.1,90.4
2026-04-04T17:16:46Z,32.3,8.35,880.0,177.4,87.1,90.4
2026-04-04T17:16:48Z,32.3,8.35,880.0,177.3,87.1,90.4
2026-04-04T17:16:50Z,32.3,8.35,880.0,134.3,87.1,90.4
2026-04-04T17:16:52Z,32.3,8.35,880.0,159.1,87.1,90.4
2026-04-04T17:16:54Z,32.3,8.35,880.0,199.2,87.1,90.4
2026-04-04T17:16:56Z,32.3,8.35,880.0,181.9,87.1,90.4
2026-04-04T17:16:58Z,32.3,8.35,880.0,159.9,87.1,90.4
2026-04-04T17:17:00Z,32.3,8.35,880.0,176.8,87.1,90.4
2026-04-04T17:17:02Z,32.3,8.35,880.0,194.9,87.1,90.4
2026-04-04T17:17:04Z,32.3,8.35,880.0,149.9,87.1,90.4
2026-04-04T17:17:06Z,32.3,8.35,880.0,197.9,87.1,90.4
2026-04-04T17:17:08Z,32.3,8.35,880.0,188.1,87.1,90.4
2026-04-04T17:17:10Z,32.3,8.35,880.0,143.3,87.1,90.4
2026-04-04T17:17:12Z,32.3,8.35,880.0,172.8,87.1,90.4
2026-04-04T17:17:14Z,32.3,8.35,880.0,184.4,87.1,90.4
2026-04-04T17:17:16Z,32.3,8.35,880.0,171.4,87.1,90.4
2026-04-04T17:17:18Z,32.3,8.35,880.0,185.9,87.1,90.4
2026-04-04T17:17:20Z,32.3,8.35,880.0,165.4,87.1,90.4
2026-04-04T17:17:22Z,32.3,8.35,880.0,163.2,87.1,90.4
2026-04-04T17:17:24Z,32.3,8.35,880.0,152.5,87.1,90.4
2026-04-04T17:17:26Z,32.3,8.35,880.0,196.4,87.1,90.4
2026-04-04T17:17:28Z,32.3,8.35,880.0,0.0,87.1,90.4
2026-04-04T17:17:30Z,32.2,8.37,879.9,0.0,87.1,90.4
2026-04-04T17:17:32Z,32.2,8.4,879.9,0.0,87.1,90.4
2026-04-04T17:17:34Z,32.3,8.43,879.8,0.0,87.1,90.4
2026-04-04T17:17:36Z,32.3,8.46,879.8,0.0,87.1,90.4
2026-04-04T17:17:38Z,32.3,8.47,879.7,0.0,87.1,90.4
2026-04-04T17:17:40Z,32.3,8.45,879.7,0.0,87.1,90.4
2026-04-04T17:17:42Z,32.4,8.46,879.6,0.0,87.1,90.4
2026-04-04T17:17:44Z,32.4,8.45,879.6,0.0,87.1,90.4
2026-04-04T17:17:46Z,32.5,8.47,879.5,0.0,87.1,90.4
2026-04-04T17:17:48Z,32.4,8.45,879.5,0.0,87.1,90.4
2026-04-04T17:17:50Z,32.4,8.44,879.4,0.0,87.1,90.4
2026-04-04T17:17:52Z,32.4,8.38,879.4,0.0,87.1,90.4
2026-04-04T17:17:54Z,32.5,8.37,879.3,0.0,87.1,90.4
2026-04-04T17:17:56Z,32.5,8.36,879.3,0.0,87.1,90.4
2026-04-04T17:17:58Z,32.4,8.35,879.2,0.0,87.1,90.4
2026-04-04T17:18:00Z,34.2,8.73,878.1,0.0,87.1,90.4
2026-04-04T17:18:02Z,36.8,8.45,877.2,0.0,87.1,90.4
2026-04-04T17:18:04Z,38.7,8.59,876.0,4.1,87.1,90.4
2026-04-04T17:18:06Z,40.4,8.58,875.0,0.0,87.1,90.4
2026-04-04T17:18:08Z,43.1,8.53,873.7,7.6,87.1,90.4
2026-04-04T17:18:10Z,44.9,8.53,872.6,10.8,87.1,90.4
2026-04-04T17:18:12Z,48.2,8.67,871.6,8.8,87.1,90.4
2026-04-04T17:18:14Z,50.9,8.55,870.2,8.0,87.1,90.4
2026-04-04T17:18:16Z,53.2,8.68,869.2,5.0,87.1,90.4
2026-04-04T17:18:18Z,55.5,8.51,868.2,7.4,87.1,90.4
2026-04-04T17:18:20Z,57.4,8.53,867.1,10.8,87.1,90.4
2026-04-04T17:18:22Z,59.2,8.42,865.6,14.5,87.1,90.4
2026-04-04T17:18:24Z,61.8,8.51,864.2,16.6,87.1,90.4
2026-04-04T17:18:26Z,64.1,8.61,862.7,18.9,87.1,90.4
2026-04-04T17:18:28Z,65.9,8.42,861.3,17.0,87.1,90.4
2026-04-04T17:18:30Z,68.9,8.61,859.6,23.6,87.1,90.4
2026-04-04T17:18:32Z,71.3,8.56,858.5,22.0,87.1,90.4
2026-04-04T17:18:34Z,73.7,8.66,857.0,23.9,87.1,90.4
2026-04-04T17:18:36Z,76.5,8.66,855.2,27.4,87.1,90.4
2026-04-04T17:18:38Z,79.4,8.55,854.0,27.9,87.1,90.4
2026-04-04T17:18:40Z,81.8,8.49,852.4,26.9,87.1,90.4
2026-04-04T17:18:42Z,83.8,8.47,850.7,25.9,87.1,90.4
2026-04-04T17:18:44Z,86.9,8.47,848.8,30.2,87.1,90.4
2026-04-04T17:18:46Z,90.2,8.53,847.0,32.6,87.1,90.4
2026-04-04T17:18:48Z,92.6,8.47,845.6,30.6,87.1,90.4
2026-04-04T17:18:50Z,95.0,8.4,843.7,32.1,87.1,90.4
2026-04-04T17:18:52Z,97.5,8.48,841.9,34.2,87.1,90.4
2026-04-04T17:18:54Z,99.9,8.57,839.8,42.2,87.1,90.4
2026-04-04T17:18:56Z,102.6,8.52,837.7,36.5,87.1,90.4
2026-04-04T17:18:58Z,104.9,8.64,836.1,41.3,87.1,90.4
2026-04-04T17:19:00Z,107.7,8.57,834.5,41.6,87.1,90.4
2026-04-04T17:19:02Z,110.4,8.59,832.5,42.7,87.1,90.4
2026-04-04T17:19:04Z,112.7,8.51,830.4,42.1,87.1,90.4
2026-04-04T17:19:06Z,115.5,8.5,828.4,41.7,87.1,90.4
2026-04-04T17:19:08Z,117.6,8.58,826.6,45.0,87.1,90.4
2026-04-04T17:19:10Z,119.6,8.48,824.8,44.6,87.1,90.4
2026-04-04T17:19:12Z,122.5,8.47,822.9,46.1,87.1,90.4
2026-04-04T17:19:14Z,124.5,8.41,821.0,49.3,87.1,90.4
2026-04-04T17:19:16Z,126.3,8.44,819.0,52.8,87.1,90.4
2026-04-04T17:19:18Z,129.3,8.61,817.3,52.3,87.1,90.4
2026-04-04T17:19:20Z,86.9,8.85,816.1,77.8,87.1,90.4
2026-04-04T17:19:22Z,86.2,8.81,815.3,78.3,87.1,90.4
2026-04-04T17:19:24Z,88.1,8.65,379.3,71.4,87.1,90.4
2026-04-04T17:19:26Z,92.0,8.89,378.4,73.7,87.1,90.4
2026-04-04T17:19:28Z,89.4,8.72,377.7,76.3,87.1,90.4
2026-04-04T17:19:30Z,88.8,8.83,377.1,73.1,87.1,90.4
2026-04-04T17:19:32Z,89.0,8.77,376.4,77.4,87.1,90.4
2026-04-04T17:19:34Z,87.8,8.71,375.6,75.6,87.1,90.4
2026-04-04T17:19:36Z,88.9,8.69,374.6,71.8,87.1,90.4
2026-04-04T17:19:38Z,84.9,8.95,373.6,76.4,87.1,90.4
2026-04-04T17:19:40Z,89.5,8.7,372.6,78.3,87.1,90.4
2026-04-04T17:19:42Z,102.8,8.87,371.5,75.7,87.1,90.4
2026-04-04T17:19:44Z,87.6,8.8,370.6,70.4,87.1,90.4
2026-04-04T17:19:46Z,88.8,8.77,369.6,72.4,87.1,90.4
2026-04-04T17:19:48Z,87.3,8.72,368.9,74.1,87.1,90.4
2026-04-04T17:19:50Z,82.3,8.75,368.3,72.5,87.1,90.4
2026-04-04T17:19:52Z,84.1,9.02,367.5,71.7,87.1,90.4
2026-04-04T17:19:54Z,90.0,8.91,366.5,72.6,87.1,90.4
2026-04-04T17:19:56Z,89.3,8.84,365.5,73.6,87.1,90.4
2026-04-04T17:19:58Z,89.3,8.85,364.8,75.4,87.1,90.4
2026-04-04T17:20:00Z,88.0,8.82,363.9,76.8,87.1,90.4
2026-04-04T17:20:02Z,87.7,8.8,362.8,78.1,87.1,90.4
2026-04-04T17:20:04Z,88.8,8.84,362.1,75.0,87.1,90.4
2026-04-04T17:20:06Z,87.2,8.9,361.2,63.1,87.1,90.4
2026-04-04T17:20:08Z,89.1,8.67,360.6,72.5,87.1,90.4
2026-04-04T17:20:10Z,88.2,8.69,359.7,74.9,87.1,90.4
2026-04-04T17:20:12Z,86.8,8.78,358.7,72.7,87.1,90.4
2026-04-04T17:20:14Z,89.5,8.74,357.7,75.6,87.1,90.4
2026-04-04T17:20:16Z,87.6,8.78,356.8,69.1,87.1,90.4
2026-04-04T17:20:18Z,82.1,8.76,355.9,75.1,87.1,90.4
2026-04-04T17:20:20Z,87.9,8.87,355.3,77.6,87.1,90.4
2026-04-04T17:20:22Z,88.2,8.92,354.7,77.0,87.1,90.4
2026-04-04T17:20:24Z,91.2,8.81,353.7,77.7,87.1,90.4
2026-04-04T17:20:26Z,86.4,8.87,352.9,79.8,87.1,90.4
2026-04-04T17:20:28Z,89.9,8.62,351.9,69.6,87.1,90.4
2026-04-04T17:20:30Z,89.1,8.88,350.9,73.5,87.1,90.4
2026-04-04T17:20:32Z,90.0,8.84,349.9,70.0,87.1,90.4
2026-04-04T17:20:34Z,90.0,8.75,349.0,72.0,87.1,90.4
2026-04-04T17:20:36Z,102.2,8.86,348.3,71.5,87.1,90.4
2026-04-04T17:20:38Z,87.7,8.77,347.6,74.5,87.1,90.4
2026-04-04T17:20:40Z,85.8,8.78,346.7,81.4,87.1,90.4
2026-04-04T17:20:42Z,86.9,8.89,345.9,80.7,87.1,90.4
2026-04-04T17:20:44Z,84.3,8.92,344.9,74.9,87.1,90.4
2026-04-04T17:20:46Z,88.7,8.72,344.1,74.0,87.1,90.4
2026-04-04T17:20:48Z,85.8,8.8,343.4,72.0,87.1,90.4
2026-04-04T17:20:50Z,87.6,8.79,342.5,75.0,87.1,90.4
2026-04-04T17:20:52Z,87.7,8.91,341.8,80.1,87.1,90.4
2026-04-04T17:20:54Z,86.3,8.9,340.9,70.6,87.1,90.4
2026-04-04T17:20:56Z,89.0,8.8,340.0,56.4,87.1,90.4
2026-04-04T17:20:58Z,87.4,8.77,339.4,67.4,87.1,90.4
2026-04-04T17:21:00Z,88.3,8.74,338.3,79.2,87.1,90.4
2026-04-04T17:21:02Z,88.2,8.79,337.3,71.2,87.1,90.4
2026-04-04T17:21:04Z,91.8,8.72,336.4,78.0,87.1,90.4
2026-04-04T17:21:06Z,88.8,8.62,335.6,73.0,87.1,90.4
2026-04-04T17:21:08Z,87.2,8.82,334.7,73.6,87.1,90.4
2026-04-04T17:21:10Z,86.0,8.74,333.8,76.2,87.1,90.4
2026-04-04T17:21:12Z,90.3,8.66,332.9,77.4,87.1,90.4
2026-04-04T17:21:14Z,88.3,8.75,331.9,81.4,87.1,90.4
2026-04-04T17:21:16Z,90.0,8.89,331.0,74.3,87.1,90.4
2026-04-04T17:21:18Z,85.4,8.89,330.3,77.6,87.1,90.4
2026-04-04T17:21:20Z,89.4,8.82,329.4,69.3,87.1,90.4
2026-04-04T17:21:22Z,85.9,8.75,328.6,74.0,87.1,90.4
2026-04-04T17:21:24Z,86.6,8.9,327.9,77.7,87.1,90.4
2026-04-04T17:21:26Z,88.5,8.72,327.5,73.7,87.1,90.4
2026-04-04T17:21:28Z,86.5,8.78,326.7,70.2,87.1,90.4
2026-04-04T17:21:30Z,86.1,17.89,325.9,77.3,87.1,90.4
2026-04-04T17:21:32Z,86.4,8.89,325.0,74.1,87.1,90.4
2026-04-04T17:21:34Z,90.5,8.96,324.2,74.7,87.1,90.4
2026-04-04T17:21:36Z,85.3,8.74,323.3,70.5,87.1,90.4
2026-04-04T17:21:38Z,89.3,8.81,322.5,179.1,87.1,90.4
2026-04-04T17:21:40Z,88.0,8.97,321.6,80.0,87.1,90.4
2026-04-04T17:21:42Z,84.3,8.86,320.7,75.8,87.1,90.4
2026-04-04T17:21:44Z,87.2,8.88,319.5,73.4,87.1,90.4
2026-04-04T17:21:46Z,88.3,8.85,318.4,74.1,87.1,90.4
2026-04-04T17:21:48Z,89.8,8.83,317.7,65.8,87.1,90.4
2026-04-04T17:21:50Z,84.5,8.71,317.1,79.4,87.1,90.4
2026-04-04T17:21:52Z,87.2,8.77,316.0,76.6,87.1,90.4
2026-04-04T17:21:54Z,87.2,8.82,314.8,80.7,87.1,90.4
2026-04-04T17:21:56Z,88.9,8.78,314.0,78.2,87.1,90.4
2026-04-04T17:21:58Z,85.6,8.89,313.2,72.7,87.1,90.4
2026-04-04T17:22:00Z,85.3,8.79,312.4,70.3,87.1,90.4
2026-04-04T17:22:02Z,87.6,8.83,311.6,69.7,87.1,90.4
2026-04-04T17:22:04Z,83.5,8.79,310.7,72.3,87.1,90.4
2026-04-04T17:22:06Z,89.8,8.82,309.7,78.0,87.1,90.4
2026-04-04T17:22:08Z,86.2,8.62,308.7,73.5,87.1,90.4
2026-04-04T17:22:10Z,89.5,8.74,308.1,69.6,87.1,90.4
2026-04-04T17:22:12Z,87.0,8.85,307.0,70.0,87.1,90.4
2026-04-04T17:22:14Z,86.4,8.89,306.2,71.6,87.1,90.4
2026-04-04T17:22:16Z,90.5,8.82,305.3,69.8,87.1,90.4
2026-04-04T17:22:18Z,86.8,8.64,304.4,73.8,87.1,90.4
2026-04-04T17:22:20Z,85.4,8.85,303.5,75.6,87.1,90.4
2026-04-04T17:22:22Z,87.8,8.74,302.5,73.3,87.1,90.4
2026-04-04T17:22:24Z,86.6,8.55,301.5,74.7,87.1,90.4
2026-04-04T17:22:26Z,91.1,8.84,300.6,78.1,87.1,90.4
2026-04-04T17:22:28Z,92.6,8.75,299.7,153.8,87.1,90.4
2026-04-04T17:22:30Z,85.0,8.74,299.2,71.7,87.1,90.4
2026-04-04T17:22:32Z,86.6,8.88,298.4,74.0,87.1,90.4
2026-04-04T17:22:34Z,85.7,8.68,297.4,71.7,87.1,90.4
2026-04-04T17:22:36Z,90.1,8.77,296.4,74.8,87.1,90.4
2026-04-04T17:22:38Z,84.6,8.77,295.5,74.2,87.1,90.4
2026-04-04T17:22:40Z,89.2,8.67,294.6,71.9,87.1,90.4
2026-04-04T17:22:42Z,85.5,8.81,293.6,75.4,87.1,90.4
2026-04-04T17:22:44Z,87.1,8.71,292.9,72.9,87.1,90.4
2026-04-04T17:22:46Z,87.1,8.72,291.8,77.2,87.1,90.4
2026-04-04T17:22:48Z,85.6,8.86,291.2,69.7,87.1,90.4
2026-04-04T17:22:50Z,88.2,8.76,290.1,78.8,87.1,90.4
2026-04-04T17:22:52Z,88.1,8.69,289.0,70.5,87.1,90.4
2026-04-04T17:22:54Z,89.8,8.75,287.9,71.2,87.1,90.4
2026-04-04T17:22:56Z,88.1,8.67,286.8,74.9,87.1,90.4
2026-04-04T17:22:58Z,87.7,8.86,285.8,76.2,87.1,90.4
2026-04-04T17:23:00Z,89.0,8.78,285.2,75.0,87.1,90.4
2026-04-04T17:23:02Z,85.0,8.75,284.2,77.0,87.1,90.4
2026-04-04T17:23:04Z,88.6,8.98,283.3,75.7,87.1,90.4
2026-04-04T17:23:06Z,87.8,8.89,282.5,71.0,87.1,90.4
2026-04-04T17:23:08Z,88.5,8.82,281.5,77.4,87.1,90.4
2026-04-04T17:23:10Z,87.8,8.82,280.3,75.7,87.1,90.4
2026-04-04T17:23:12Z,88.9,8.66,138.5,71.8,87.1,90.4
2026-04-04T17:23:14Z,87.6,8.83,138.1,73.7,87.1,90.4
2026-04-04T17:23:16Z,86.8,8.65,137.2,74.0,87.1,90.4
2026-04-04T17:23:18Z,87.9,8.7,136.3,69.5,87.1,90.4
2026-04-04T17:23:20Z,86.3,9.01,135.9,85.7,87.1,90.4
2026-04-04T17:23:22Z,83.9,8.92,135.6,85.1,87.1,90.4
2026-04-04T17:23:24Z,82.3,9.12,135.2,77.8,87.1,90.4
2026-04-04T17:23:26Z,80.3,8.94,134.8,73.5,87.1,90.4
2026-04-04T17:23:28Z,79.0,9.09,134.4,73.8,87.1,90.4
2026-04-04T17:23:30Z,76.6,9.03,134.0,73.4,87.1,90.4
2026-04-04T17:23:32Z,74.7,8.96,133.6,69.2,87.1,90.4
2026-04-04T17:23:34Z,72.7,9.04,133.3,66.4,87.1,90.4
2026-04-04T17:23:36Z,72.1,8.8,132.9,62.1,87.1,90.4
2026-04-04T17:23:38Z,71.1,9.03,132.7,61.2,87.1,90.4
2026-04-04T17:23:40Z,70.2,9.08,132.6,55.4,87.1,90.4
2026-04-04T17:23:42Z,67.7,9.21,124.0,61.0,87.1,90.4
2026-04-04T17:23:44Z,65.8,9.04,123.7,54.2,87.1,90.4
2026-04-04T17:23:46Z,64.5,9.06,123.3,54.1,87.1,90.4
2026-04-04T17:23:48Z,63.2,8.99,123.0,47.4,87.1,90.4
2026-04-04T17:23:50Z,61.3,9.13,122.7,46.2,87.1,90.4
2026-04-04T17:23:52Z,60.2,9.02,122.4,42.0,87.1,90.4
2026-04-04T17:23:54Z,58.6,9.05,122.1,40.0,87.1,90.4
2026-04-04T17:23:56Z,56.8,9.08,121.9,37.2,87.1,90.4
2026-04-04T17:23:58Z,55.6,9.0,7.4,37.7,87.1,90.4
2026-04-04T17:24:00Z,54.3,9.12,7.1,36.5,87.1,90.4
2026-04-04T17:24:02Z,52.9,9.12,6.8,29.9,87.1,90.4
2026-04-04T17:24:04Z,50.4,8.91,6.6,32.6,87.1,90.4
2026-04-04T17:24:06Z,49.2,9.04,6.3,28.7,87.1,90.4
2026-04-04T17:24:08Z,47.0,9.23,6.0,23.2,87.1,90.4
2026-04-04T17:24:10Z,45.4,8.97,5.5,22.3,87.1,90.4
2026-04-04T17:24:12Z,43.3,9.12,5.4,20.6,87.1,90.4
2026-04-04T17:24:14Z,42.2,9.07,5.0,17.9,87.1,90.4
2026-04-04T17:24:16Z,41.2,9.09,4.6,17.5,87.1,90.4
2026-04-04T17:24:18Z,39.9,9.0,4.3,9.3,87.1,90.4
2026-04-04T17:24:20Z,39.1,9.13,4.2,0.0,87.1,90.4
2026-04-04T17:24:22Z,38.3,9.14,4.2,0.0,87.1,90.4
2026-04-04T17:24:24Z,37.5,9.07,4.2,0.0,87.1,90.4
2026-04-04T17:24:26Z,36.7,9.1,4.1,0.0,87.1,90.4
2026-04-04T17:24:28Z,35.9,6.15,4.1,0.0,87.1,90.4
2026-04-04T17:24:30Z,35.1,9.02,4.0,0.0,87.1,90.4
2026-04-04T17:24:32Z,34.3,9.02,4.0,0.0,87.1,90.4
2026-04-04T17:24:34Z,33.5,9.13,4.0,0.0,87.1,90.4
2026-04-04T17:24:36Z,32.7,9.11,3.9,0.0,87.1,90.4
2026-04-04T17:24:38Z,31.9,9.03,3.9,0.0,87.1,90.4
2026-04-04T17:24:40Z,31.6,9.14,3.8,0.0,87.1,90.4
2026-04-04T17:24:42Z,31.6,8.98,3.8,0.0,87.1,90.4
2026-04-04T17:24:44Z,31.6,9.03,3.8,0.0,87.1,90.4
2026-04-04T17:24:46Z,31.6,9.14,3.7,0.0,87.1,90.4
2026-04-04T17:24:48Z,31.6,9.11,3.7,0.0,87.1,90.4
2026-04-04T17:24:50Z,31.6,9.15,3.6,0.0,87.1,90.4
2026-04-04T17:24:52Z,31.6,9.04,3.6,0.0,87.1,90.4
2026-04-04T17:24:54Z,157.0,9.04,3.6,0.0,87.1,90.4
2026-04-04T17:24:56Z,156.2,9.05,3.5,0.0,87.1,90.4
2026-04-04T17:24:58Z,155.4,9.09,3.5,0.0,87.1,90.4
2026-04-04T17:25:00Z,31.1,8.16,0.0,0.0,83.0,87.9
2026-04-04T17:25:02Z,31.1,8.16,0.0,0.0,83.0,87.9
2026-04-04T17:25:04Z,31.1,8.16,0.0,0.0,83.0,87.9
2026-04-04T17:25:06Z,31.1,8.16,0.0,0.0,83.0,87.9
2026-04-04T17:25:08Z,31.1,8.16,0.0,0.0,83.0,87.9
2026-04-04T17:25:10Z,31.1,8.16,0.0,0.0,83.0,87.9
2026-04-04T17:25:12Z,31.1,8.16,0.0,0.0,83.0,87.9
2026-04-04T17:25:14Z,31.1,8.16,0.0,0.0,83.0,87.9
2026-04-04T17:25:16Z,31.1,8.16,0.0,0.0,83.0,87.9
2026-04-04T17:25:18Z,31.1,8.16,0.0,0.0,83.0,87.9
2026-04-04T17:25:20Z,31.1,8.16,0.0,0.0,83.0,87.9
2026-04-04T17:25:22Z,31.1,8.16,0.0,0.0,83.0,87.9
2026-04-04T17:25:24Z,31.1,8.16,0.0,0.0,83.0,87.9
2026-04-04T17:25:26Z,31.1,8.16,0.0,0.0,83.0,87.9
2026-04-04T17:25:28Z,31.1,8.16,0.0,0.0,83.0,87.9
2026-04-04T17:25:30Z,31.1,8.16,0.0,0.0,83.0,87.9
2026-04-04T17:25:32Z,31.1,8.16,0.0,0.0,83.0,87.9
2026-04-04T17:25:34Z,31.1,8.16,0.0,0.0,83.0,87.9
2026-04-04T17:25:36Z,31.1,8.16,0.0,0.0,83.0,87.9
2026-04-04T17:25:38Z,31.1,8.16,0.0,0.0,83.0,87.9
2026-04-04T17:25:40Z,31.1,8.16,0.0,0.0,83.0,87.9
2026-04-04T17:25:42Z,31.1,8.16,0.0,0.0,83.0,87.9
2026-04-04T17:25:44Z,31.1,8.16,0.0,0.0,83.0,87.9
2026-04-04T17:25:46Z,31.1,8.16,0.0,0.0,83.0,87.9
2026-04-04T17:25:48Z,31.1,8.16,0.0,0.0,83.0,87.9
2026-04-04T17:25:50Z,31.1,8.16,0.0,0.0,83.0,87.9
2026-04-04T17:25:52Z,31.1,8.16,0.0,0.0,83.0,87.9
2026-04-04T17:25:54Z,31.1,8.16,0.0,0.0,83.0,87.9
2026-04-04T17:25:56Z,31.1,8.16,0.0,0.0,83.0,87.9
2026-04-04T17:25:58Z,31.1,8.16,0.0,0.0,83.0,87.9
2026-04-04T17:26:00Z,31.1,8.16,0.0,0.0,83.0,87.9
2026-04-04T17:26:02Z,31.1,8.16,0.0,0.0,83.0,87.9
2026-04-04T17:26:04Z,31.1,8.16,0.0,0.0,83.0,87.9
2026-04-04T17:26:06Z,31.1,8.16,0.0,0.0,83.0,87.9
2026-04-04T17:26:08Z,31.1,8.16,0.0,0.0,83.0,87.9
2026-04-04T17:26:10Z,31.1,8.16,0.0,0.0,83.0,87.9
2026-04-04T17:26:12Z,31.1,8.16,0.0,0.0,83.0,87.9
2026-04-04T17:26:14Z,31.1,8.16,0.0,0.0,83.0,87.9
2026-04-04T17:26:16Z,31.1,8.16,0.0,0.0,83.0,87.9
2026-04-04T17:26:18Z,31.1,8.16,0.0,0.0,83.0,87.9
2026-04-04T17:26:20Z,31.1,8.16,0.0,0.0,83.0,87.9
2026-04-04T17:26:22Z,31.1,8.16,0.0,0.0,83.0,87.9
2026-04-04T17:26:24Z,31.1,8.16,0.0,0.0,83.0,87.9
2026-04-04T17:26:26Z,31.1,8.16,0.0,0.0,83.0,87.9
2026-04-04T17:26:28Z,31.1,8.16,0.0,0.0,83.0,87.9
2026-04-04T17:26:30Z,31.1,8.16,0.0,0.0,83.0,87.9
2026-04-04T17:26:32Z,31.1,8.16,0.0,0.0,83.0,87.9
2026-04-04T17:26:34Z,31.1,8.16,0.0,0.0,83.0,87.9
2026-04-04T17:26:36Z,31.1,8.16,0.0,0.0,83.0,87.9
2026-04-04T17:26:38Z,31.1,8.16,0.0,0.0,83.0,87.9
2026-04-04T17:26:40Z,33.0,8.54,0.0,7.0,83.0,87.9
2026-04-04T17:26:42Z,35.7,8.48,0.0,16.0,83.0,87.9
2026-04-04T17:26:44Z,37.4,8.65,0.0,19.4,83.0,87.9
2026-04-04T17:26:46Z,40.2,8.59,0.0,19.0,83.0,87.9
2026-04-04T17:26:48Z,42.4,8.45,0.0,15.5,83.0,87.9
2026-04-04T17:26:50Z,45.3,8.51,0.0,23.0,83.0,87.9
2026-04-04T17:26:52Z,47.2,8.48,0.0,19.7,83.0,87.9
2026-04-04T17:26:54Z,50.3,8.46,0.0,24.2,83.0,87.9
2026-04-04T17:26:56Z,52.4,8.56,0.0,21.1,83.0,87.9
2026-04-04T17:26:58Z,54.2,8.57,0.0,23.5,83.0,87.9
2026-04-04T17:27:00Z,56.3,8.52,0.0,21.9,83.0,87.9
2026-04-04T17:27:02Z,59.0,8.47,0.0,20.9,83.0,87.9
2026-04-04T17:27:04Z,62.1,8.35,0.0,29.7,83.0,87.9
2026-04-04T17:27:06Z,64.4,8.5,0.0,32.3,83.0,87.9
2026-04-04T17:27:08Z,67.4,8.49,0.0,28.1,83.0,87.9
2026-04-04T17:27:10Z,70.1,8.3,0.0,23.3,83.0,87.9
2026-04-04T17:27:12Z,73.5,8.51,0.0,27.9,83.0,87.9
2026-04-04T17:27:14Z,76.0,8.48,0.0,35.8,83.0,87.9
2026-04-04T17:27:16Z,77.1,8.38,0.0,36.8,83.0,87.9
2026-04-04T17:27:18Z,80.1,8.42,0.0,33.5,83.0,87.9
2026-04-04T17:27:20Z,81.7,8.21,0.0,44.4,83.0,87.9
2026-04-04T17:27:22Z,84.0,8.43,0.0,36.9,83.0,87.9
2026-04-04T17:27:24Z,86.5,8.51,0.0,39.1,83.0,87.9
2026-04-04T17:27:26Z,89.2,8.64,0.0,40.4,83.0,87.9
2026-04-04T17:27:28Z,92.2,8.43,0.0,43.8,83.0,87.9
2026-04-04T17:27:30Z,94.4,8.42,0.0,45.9,83.0,87.9
2026-04-04T17:27:32Z,97.3,8.51,0.0,42.1,83.0,87.9
2026-04-04T17:27:34Z,100.2,8.53,0.0,43.8,83.0,87.9
2026-04-04T17:27:36Z,101.8,8.38,0.0,44.1,83.0,87.9
2026-04-04T17:27:38Z,104.6,8.51,0.0,48.7,83.0,87.9
2026-04-04T17:27:40Z,87.9,8.88,0.0,73.1,83.0,87.9
2026-04-04T17:27:42Z,90.6,8.94,0.0,64.9,83.0,87.9
2026-04-04T17:27:44Z,89.4,8.79,0.0,66.6,83.0,87.9
2026-04-04T17:27:46Z,88.4,8.77,0.0,67.4,83.0,87.9
2026-04-04T17:27:48Z,89.4,8.9,0.0,70.6,83.0,87.9
2026-04-04T17:27:50Z,86.8,8.84,0.0,75.1,83.0,87.9
2026-04-04T17:27:52Z,88.6,8.72,0.0,75.9,83.0,87.9
2026-04-04T17:27:54Z,89.7,9.04,0.0,67.6,83.0,87.9
2026-04-04T17:27:56Z,87.3,8.73,0.0,78.1,83.0,87.9
2026-04-04T17:27:58Z,88.2,8.93,0.0,74.9,83.0,87.9
2026-04-04T17:28:00Z,84.7,8.85,0.0,71.0,83.0,87.9
2026-04-04T17:28:02Z,85.3,8.65,0.0,69.2,83.0,87.9
2026-04-04T17:28:04Z,93.5,8.78,0.0,67.6,83.0,87.9
2026-04-04T17:28:06Z,84.6,8.82,0.0,70.7,83.0,87.9
2026-04-04T17:28:08Z,89.6,8.66,0.0,65.7,83.0,87.9
2026-04-04T17:28:10Z,88.5,8.83,0.0,70.0,83.0,87.9
2026-04-04T17:28:12Z,91.6,8.8,0.0,72.9,83.0,87.9
2026-04-04T17:28:14Z,90.9,8.59,0.0,67.8,83.0,87.9
2026-04-04T17:28:16Z,88.9,8.7,0.0,75.6,83.0,87.9
2026-04-04T17:28:18Z,88.4,8.72,0.0,70.6,83.0,87.9
2026-04-04T17:28:20Z,88.9,8.69,0.0,73.1,83.0,87.9
2026-04-04T17:28:22Z,89.3,8.84,0.0,64.3,83.0,87.9
2026-04-04T17:28:24Z,90.0,8.68,0.0,65.7,83.0,87.9
2026-04-04T17:28:26Z,88.3,8.81,0.0,70.9,83.0,87.9
2026-04-04T17:28:28Z,85.9,8.77,0.0,67.8,83.0,87.9
2026-04-04T17:28:30Z,91.9,8.78,0.0,70.1,83.0,87.9
2026-04-04T17:28:32Z,89.4,8.78,0.0,71.6,83.0,87.9
2026-04-04T17:28:34Z,89.5,8.8,0.0,74.2,83.0,87.9
2026-04-04T17:28:36Z,88.4,8.7,0.0,73.1,83.0,87.9
2026-04-04T17:28:38Z,85.7,8.93,0.0,67.3,83.0,87.9
2026-04-04T17:28:40Z,87.8,8.76,0.0,69.5,83.0,87.9
2026-04-04T17:28:42Z,89.4,8.82,0.0,71.4,83.0,87.9
2026-04-04T17:28:44Z,88.5,8.77,0.0,69.4,83.0,87.9
2026-04-04T17:28:46Z,90.0,8.83,0.0,72.0,83.0,87.9
2026-04-04T17:28:48Z,89.4,8.83,0.0,66.2,83.0,87.9
2026-04-04T17:28:50Z,87.6,8.83,0.0,73.2,83.0,87.9
2026-04-04T17:28:52Z,90.0,8.61,0.0,68.0,83.0,87.9
2026-04-04T17:28:54Z,86.3,8.7,0.0,70.2,83.0,87.9
2026-04-04T17:28:56Z,88.1,8.78,0.0,73.2,83.0,87.9
2026-04-04T17:28:58Z,88.8,8.82,0.0,70.4,83.0,87.9
2026-04-04T17:29:00Z,86.8,8.89,0.0,70.6,83.0,87.9
2026-04-04T17:29:02Z,91.5,8.78,0.0,73.0,83.0,87.9
2026-04-04T17:29:04Z,89.6,8.93,0.0,73.2,83.0,87.9
2026-04-04T17:29:06Z,90.5,8.79,0.0,66.8,83.0,87.9
2026-04-04T17:29:08Z,85.3,8.72,0.0,74.8,83.0,87.9
2026-04-04T17:29:10Z,91.5,8.73,0.0,72.9,83.0,87.9
2026-04-04T17:29:12Z,92.7,8.76,0.0,67.6,83.0,87.9
2026-04-04T17:29:14Z,88.9,8.76,0.0,71.1,83.0,87.9
2026-04-04T17:29:16Z,85.4,8.7,0.0,69.7,83.0,87.9
2026-04-04T17:29:18Z,87.2,8.73,0.0,70.7,83.0,87.9
2026-04-04T17:29:20Z,88.3,8.88,0.0,67.4,83.0,87.9
2026-04-04T17:29:22Z,85.8,8.76,0.0,73.3,83.0,87.9
2026-04-04T17:29:24Z,87.8,8.73,0.0,64.1,83.0,87.9
2026-04-04T17:29:26Z,84.0,8.79,0.0,69.5,83.0,87.9
2026-04-04T17:29:28Z,86.8,8.81,0.0,68.0,83.0,87.9
2026-04-04T17:29:30Z,87.8,8.86,0.0,67.4,83.0,87.9
2026-04-04T17:29:32Z,91.1,8.94,0.0,71.7,83.0,87.9
2026-04-04T17:29:34Z,89.1,8.73,0.0,72.9,83.0,87.9
2026-04-04T17:29:36Z,88.8,8.84,0.0,73.3,83.0,87.9
2026-04-04T17:29:38Z,90.1,8.76,0.0,71.5,83.0,87.9
2026-04-04T17:29:40Z,88.6,8.79,0.0,66.7,83.0,87.9
2026-04-04T17:29:42Z,88.6,8.83,0.0,68.9,83.0,87.9
2026-04-04T17:29:44Z,84.1,8.78,0.0,70.5,83.0,87.9
2026-04-04T17:29:46Z,87.8,8.76,0.0,67.6,83.0,87.9
2026-04-04T17:29:48Z,85.4,8.8,0.0,64.6,83.0,87.9
2026-04-04T17:29:50Z,88.3,8.81,0.0,78.1,83.0,87.9
2026-04-04T17:29:52Z,87.2,8.82,0.0,70.2,83.0,87.9
2026-04-04T17:29:54Z,88.8,8.77,0.0,71.8,83.0,87.9
2026-04-04T17:29:56Z,86.8,8.92,0.0,70.1,83.0,87.9
2026-04-04T17:29:58Z,88.5,8.6,0.0,71.1,83.0,87.9
2026-04-04T17:30:00Z,88.6,8.85,0.0,72.8,83.0,87.9
2026-04-04T17:30:02Z,89.6,8.89,0.0,72.1,83.0,87.9
2026-04-04T17:30:04Z,89.1,8.69,0.0,64.8,83.0,87.9
2026-04-04T17:30:06Z,87.0,8.9,0.0,70.8,83.0,87.9
2026-04-04T17:30:08Z,89.9,8.78,0.0,68.6,83.0,87.9
2026-04-04T17:30:10Z,90.1,8.77,0.0,72.0,83.0,87.9
2026-04-04T17:30:12Z,90.9,8.93,0.0,68.0,83.0,87.9
2026-04-04T17:30:14Z,86.1,8.72,0.0,67.9,83.0,87.9
2026-04-04T17:30:16Z,88.6,8.86,0.0,68.9,83.0,87.9
2026-04-04T17:30:18Z,85.1,8.74,0.0,67.7,83.0,87.9
2026-04-04T17:30:20Z,86.7,8.87,0.0,70.9,83.0,87.9
2026-04-04T17:30:22Z,88.8,8.83,0.0,67.9,83.0,87.9
2026-04-04T17:30:24Z,88.8,8.77,0.0,70.2,83.0,87.9
2026-04-04T17:30:26Z,85.5,8.69,0.0,69.5,83.0,87.9
2026-04-04T17:30:28Z,87.0,8.77,0.0,67.3,83.0,87.9
2026-04-04T17:30:30Z,86.3,8.86,0.0,68.4,83.0,87.9
2026-04-04T17:30:32Z,87.4,8.78,0.0,71.9,83.0,87.9
2026-04-04T17:30:34Z,87.8,8.68,0.0,69.4,83.0,87.9
2026-04-04T17:30:36Z,86.9,23.1,0.0,75.6,83.0,87.9
2026-04-04T17:30:38Z,88.3,8.79,0.0,73.5,83.0,87.9
2026-04-04T17:30:40Z,88.8,8.84,0.0,72.7,83.0,87.9
2026-04-04T17:30:42Z,87.0,8.83,0.0,65.0,83.0,87.9
2026-04-04T17:30:44Z,90.2,8.86,0.0,72.5,83.0,87.9
2026-04-04T17:30:46Z,90.5,8.79,0.0,71.3,83.0,87.9
2026-04-04T17:30:48Z,89.5,8.87,0.0,69.5,83.0,87.9
2026-04-04T17:30:50Z,87.5,8.72,0.0,67.5,83.0,87.9
2026-04-04T17:30:52Z,86.7,8.83,0.0,73.2,83.0,87.9
2026-04-04T17:30:54Z,86.0,8.68,0.0,68.4,83.0,87.9
2026-04-04T17:30:56Z,85.5,8.7,0.0,72.4,83.0,87.9
2026-04-04T17:30:58Z,89.6,8.77,0.0,68.6,83.0,87.9
2026-04-04T17:31:00Z,88.2,4.13,0.0,72.3,83.0,87.9
2026-04-04T17:31:02Z,88.4,8.79,0.0,69.7,83.0,87.9
2026-04-04T17:31:04Z,91.0,8.9,0.0,70.4,83.0,87.9
2026-04-04T17:31:06Z,88.7,8.74,0.0,68.3,83.0,87.9
2026-04-04T17:31:08Z,89.4,8.75,0.0,67.8,83.0,87.9
2026-04-04T17:31:10Z,88.2,8.7,0.0,72.1,83.0,87.9
2026-04-04T17:31:12Z,84.8,8.73,0.0,73.1,83.0,87.9
2026-04-04T17:31:14Z,89.7,8.75,0.0,73.6,83.0,87.9
2026-04-04T17:31:16Z,89.0,8.91,0.0,71.8,83.0,87.9
2026-04-04T17:31:18Z,83.5,8.7,0.0,65.2,83.0,87.9
2026-04-04T17:31:20Z,87.9,8.76,0.0,71.3,83.0,87.9
2026-04-04T17:31:22Z,92.3,8.94,0.0,71.7,83.0,87.9
2026-04-04T17:31:24Z,90.5,8.89,0.0,74.6,83.0,87.9
2026-04-04T17:31:26Z,85.6,8.8,0.0,72.5,83.0,87.9
2026-04-04T17:31:28Z,88.0,8.9,0.0,69.5,83.0,87.9
2026-04-04T17:31:30Z,87.5,8.74,0.0,154.9,83.0,87.9
2026-04-04T17:31:32Z,87.5,9.0,0.0,68.3,83.0,87.9
2026-04-04T17:31:34Z,90.6,8.69,0.0,75.1,83.0,87.9
2026-04-04T17:31:36Z,86.7,8.79,0.0,75.6,83.0,87.9
2026-04-04T17:31:38Z,89.4,8.76,0.0,66.4,83.0,87.9
2026-04-04T17:31:40Z,87.8,8.9,0.0,84.9,83.0,87.9
2026-04-04T17:31:42Z,86.4,9.01,0.0,82.9,83.0,87.9
2026-04-04T17:31:44Z,85.1,8.87,0.0,75.1,83.0,87.9
2026-04-04T17:31:46Z,83.3,9.02,0.0,76.2,83.0,87.9
2026-04-04T17:31:48Z,81.9,9.12,0.0,78.2,83.0,87.9
2026-04-04T17:31:50Z,80.1,9.08,0.0,72.2,83.0,87.9
2026-04-04T17:31:52Z,78.5,8.88,0.0,69.4,83.0,87.9
2026-04-04T17:31:54Z,76.5,9.05,0.0,72.5,83.0,87.9
2026-04-04T17:31:56Z,75.2,8.99,0.0,63.2,83.0,87.9
2026-04-04T17:31:58Z,73.4,9.05,0.0,84.2,83.0,87.9
2026-04-04T17:32:00Z,71.2,8.94,0.0,59.7,83.0,87.9
2026-04-04T17:32:02Z,69.2,9.07,0.0,57.5,83.0,87.9
2026-04-04T17:32:04Z,68.1,8.94,0.0,56.0,83.0,87.9
2026-04-04T17:32:06Z,66.6,8.85,0.0,52.3,83.0,87.9
2026-04-04T17:32:08Z,64.8,8.97,0.0,49.0,83.0,87.9
2026-04-04T17:32:10Z,62.8,9.13,0.0,46.5,83.0,87.9
2026-04-04T17:32:12Z,61.0,8.97,0.0,42.8,83.0,87.9
2026-04-04T17:32:14Z,59.0,8.97,0.0,46.1,83.0,87.9
2026-04-04T17:32:16Z,58.1,9.02,0.0,42.5,83.0,87.9
2026-04-04T17:32:18Z,56.7,8.98,0.0,39.6,83.0,87.9
2026-04-04T17:32:20Z,54.7,8.95,0.0,35.1,83.0,87.9
2026-04-04T17:32:22Z,53.6,9.05,0.0,31.4,83.0,87.9
2026-04-04T17:32:24Z,51.6,9.21,0.0,30.6,83.0,87.9
2026-04-04T17:32:26Z,50.5,9.02,0.0,28.2,83.0,87.9
2026-04-04T17:32:28Z,48.8,9.16,0.0,25.8,83.0,87.9
2026-04-04T17:32:30Z,47.5,8.81,0.0,22.3,83.0,87.9
2026-04-04T17:32:32Z,46.6,8.81,0.0,23.5,83.0,87.9
2026-04-04T17:32:34Z,45.6,9.02,0.0,18.3,83.0,87.9
2026-04-04T17:32:36Z,44.2,8.95,0.0,13.4,83.0,87.9
2026-04-04T17:32:38Z,42.7,9.11,0.0,12.1,83.0,87.9
2026-04-04T17:32:40Z,41.9,9.05,0.0,0.0,83.0,87.9
2026-04-04T17:32:42Z,41.1,9.02,0.0,0.0,83.0,87.9
2026-04-04T17:32:44Z,91.7,9.02,0.0,0.0,83.0,87.9
2026-04-04T17:32:46Z,90.9,9.19,0.0,0.0,83.0,87.9
2026-04-04T17:32:48Z,90.1,9.11,0.0,0.0,83.0,87.9
2026-04-04T17:32:50Z,89.3,9.04,0.0,0.0,83.0,87.9
2026-04-04T17:32:52Z,88.5,9.09,0.0,0.0,83.0,87.9
2026-04-04T17:32:54Z,87.7,9.12,0.0,0.0,83.0,87.9
2026-04-04T17:32:56Z,86.9,9.2,0.0,0.0,83.0,87.9
2026-04-04T17:32:58Z,86.1,9.2,0.0,0.0,83.0,87.9
2026-04-04T17:33:00Z,85.3,9.1,0.0,0.0,83.0,87.9
2026-04-04T17:33:02Z,15.3,9.11,0.0,0.0,83.0,87.9
2026-04-04T17:33:04Z,32.4,9.05,0.0,0.0,83.0,87.9
2026-04-04T17:33:06Z,32.4,9.1,0.0,0.0,83.0,87.9
2026-04-04T17:33:08Z,32.4,9.09,0.0,0.0,83.0,87.9
2026-04-04T17:33:10Z,32.4,9.0,0.0,0.0,83.0,87.9
2026-04-04T17:33:12Z,32.4,9.06,0.0,0.0,83.0,87.9
2026-04-04T17:33:14Z,32.4,9.12,0.0,0.0,83.0,87.9
2026-04-04T17:33:16Z,32.4,9.04,0.0,0.0,83.0,87.9
2026-04-04T17:33:18Z,32.4,9.12,0.0,0.0,83.0,87.9
